{"version":5,"hash":{"type":"Buffer","data":"D2lFRJa/4AkdiH7x/XqUQYM6bIA7/pH3RabMuFWotfNdybZcV10jofj/7eRfvG2zhEKGTDdIL5AxcteQW0/jkisLrHtkh2sSNgNkaQ0O+Xuri3w+zS5G1BowNakOHTf9PNlMmzLdP/3cr0S7bizsiv2e11Q/voeZHqZTJ6Sg2c0="},"indexValueMap":{"TKKPaq0ZIp4qd+mDoEdXPlRiE+uchJBXt4Bp7lT0GBQ=":{"valueMac":{"type":"Buffer","data":"OEFQ0t8GA1E4TK2EnckJi7MzXP1yp1k1RufL3J3/ooo="}},"X09REZRDFbtpXd7N9hm40Ds2V7I2XzTHGRj1D1GmeGU=":{"valueMac":{"type":"Buffer","data":"lz3lC+eHmNFMlnR6qqtfAZ1GFHzlbHTrWV9wxYnEi3Y="}},"Zw3aufAAW6dG3S60pwSNfhPHPXFbfcsskACdIyutIuU=":{"valueMac":{"type":"Buffer","data":"NrDYCVJ2G+tD97lBWVnjfdC5HH3yXYYwh/2C8mPGcpA="}},"nWgVoOO25W0tDKHbS9/5O0iDBg+aG82kWsmhW79KJeE=":{"valueMac":{"type":"Buffer","data":"NRjvJs3qO3sNaNNp2EMnhmr9yeX1HvLJEOC+3qfYioc="}},"sg3Hzq2UaLrVn5PA5hhn8teaVxCep4uPZ7sB8moH2X4=":{"valueMac":{"type":"Buffer","data":"IvzGdHZzLvEWhFigqnc9tu1ta6O/lh13VMpsH1yn9pw="}},"lssmT89gRrYiHO5x+iG/3NqeHd2bWNnGOUQ3oqs1XSs=":{"valueMac":{"type":"Buffer","data":"UitWEmI5KzwfnI/m00DWyjzK71Bj7RgV68/T1FJpeno="}},"lO0T+I/5mfPhE7dc6wECt2bw1INES5gpvlduOTYp7gc=":{"valueMac":{"type":"Buffer","data":"zRsBPORHMnxYkrDfO8iPdcsPenMAQwYKDrZ+09pxRB4="}}}}