{"version":22,"hash":{"type":"Buffer","data":"ZWHYAsP4dxZbOLC0KbTZVK7qL36YeTRIacOyYEXprn8BoinLOgiRuyvj8dy4VKhBV7WF6z+SlToSQ+NDnCrfxNHhsZkqVRm9SBknSBHQ8SNU/yp3mWvvvH5brbOUYJ9TB2iZoy+UgBJCW0zXoFvH08SZoTGfkWnl8ph2wjKJB0o="},"indexValueMap":{"AEVGW42iJvVekiUwbEkpNMURB3RMcQxfYnvqqf51ykA=":{"valueMac":{"type":"Buffer","data":"JZWLUL/MBXIWUSMbYtWezDdVIO+ZJ2d69rjUwwQDp30="}},"AEfWmMmIwv6iTUrA26ZrUdLuY5ITz2WUX0AnLxBkVpM=":{"valueMac":{"type":"Buffer","data":"1Hm2a0mfIMOxF3Ys/bF2UUdN7GEzvT+cs0XRKNQZVB4="}},"At6LWU5M/YeLrmaZmYFyiRu8EDw2pJ5Ad+a31cv5puQ=":{"valueMac":{"type":"Buffer","data":"+a1C9G8AOdJH0kdEiIW5YsTLMk1Ed+e7/lno9VamurM="}},"A3512cpa6lYmRMfC2isOzA31d0gyGqWfNKQ+ApggrQU=":{"valueMac":{"type":"Buffer","data":"Ljuuw88gWpAWYeu7hMVJwLWiTKjUTwFtXAjoyAHRek4="}},"Bos1S8LJVmj6JEwcstub7kb+Yorwfn6ZXlyHI5iry/M=":{"valueMac":{"type":"Buffer","data":"kw1iKpRb7fL7kjXR8HXFEiXL4Ilhjosv1Vko227GFUg="}},"BsNzStymtmzMhxo3fUegU/O7HgaGwmzxyBaBU2HM0NU=":{"valueMac":{"type":"Buffer","data":"PjewVtERgi8v1w0yHOlKN+cSbFurr2ysW0gFscZdCyo="}},"B03oKLt3rBpWy2ZN1+7KUqekmjLunTAevFgn0sZR/yI=":{"valueMac":{"type":"Buffer","data":"yL7ukDP3/D2xc0sLpRmdhlQhQI8Z0duQiCM2y15ssKA="}},"CGHhCQXs0Ag50QA2BU/bJf8FJm9Wz4AdcYCMgi4mEFY=":{"valueMac":{"type":"Buffer","data":"kA8IkWaelPQvPz6YMpze6kcReFembbLRuBmXDedGP4Y="}},"C80Z3yn40RSc1uAmtujVUWXU8llu1e9Rxdt3rNlpuFA=":{"valueMac":{"type":"Buffer","data":"KNkKSOHFa+htEsZzWyoTuZId39VtrR3rVVnr0AjIBz4="}},"DCKDozPSIUnMejeRFhX9G+0stA2UiphDOLXbxNQlWZU=":{"valueMac":{"type":"Buffer","data":"BP42Ph0U2ziqnsosq1IzUHgbrP2jtjs3sK7x29OM65s="}},"DDv+akLiSrBga5/Hkywehl30It5vt9J7ZTJgqF6cU0s=":{"valueMac":{"type":"Buffer","data":"BzwosRxrqjc17sjNfUEKHBjKP9pvSVjevpgGIVqOdnE="}},"DrWQsq3/Ds0sFrQn6m2pi1H0ZBzwNuKdyD80M+sssqk=":{"valueMac":{"type":"Buffer","data":"RSovQbbz0ituuyugsl7vrG/V3M1D0jUJaAV+nF1xhcw="}},"DxSpIDS008KLiMQlUAbWo2r3FP2D8MDgWbOwZSz58Lo=":{"valueMac":{"type":"Buffer","data":"lo2PndCShnW54YY2U0xtIyOITN4TxMDYNSWJeNT/nuE="}},"D8YvTvd/o4F/EJ30J0nhKz4F3RVl9jZpitJETa3Ium4=":{"valueMac":{"type":"Buffer","data":"EMWxv+dnexQxfn1OtEHqJkOTu35Qi+pCaLPkD/w9kIA="}},"EBYbvepX8rVZYYWc4UPH85fZPkk3wop+hB0hwbXVpaM=":{"valueMac":{"type":"Buffer","data":"vlv4r75XS6aGjt7PPhYQnSORsfDsoWB3KxxupqW3s+s="}},"ELbpR0VQUo3oGuljf3/Lu9pV7XawvgXBcGsBth46uWY=":{"valueMac":{"type":"Buffer","data":"rPgtyBi1ZzZcicguGSbwWlCXo3QxoqYaajRbdq/wjRM="}},"FO9wfoo9PCa0aM+zaIyANtH8jNZExRGiCqZqroWdXBs=":{"valueMac":{"type":"Buffer","data":"JXWKb1BslxufVXlMzh6saukgrAwnqwmo/OzBI8ChbeE="}},"FQ4OSXvnghsq/zWYPT8xOYzCpLxw4p5dkg3JMnEDZUE=":{"valueMac":{"type":"Buffer","data":"CtSnx5uSKKl7hc0qQmWPdSDrdmvjfEckrT7mEOr/i5I="}},"FYqXzdJeLWDNUuuOCWWDHxbcmmcakS3iBJAh8coCwdM=":{"valueMac":{"type":"Buffer","data":"fw/YOcPi6IeDdo9NhAljuGpQOHTC16jC2JGsMA67eoQ="}},"FkSXpE8bdHwYoCDV1zCUkE0XeuO8R/rOVzMYRHLtR84=":{"valueMac":{"type":"Buffer","data":"kpnNL7tAJBJfYLA1KQWtG6zstfohBtFkw1QmlKVVJrQ="}},"GSWqLMcF9Yh9ecyoCmkTxNJjalBz7punJeTjsS1XNPU=":{"valueMac":{"type":"Buffer","data":"N+/Xs6/EwNvd3yP/hhobQqM5I9wiKCwBRNlorIFD6F0="}},"G2TP/Mhv77uUy77F6aaiO/zkeY12sTkuvCN1C7QaRtk=":{"valueMac":{"type":"Buffer","data":"seZz/tidl/SozP+ShxqZwl9kqLl2InzE5uPHIfpfmQo="}},"G9RzMEulfR1FaB9/ZwH2bCNG52g4n0hKh7H/CZthu38=":{"valueMac":{"type":"Buffer","data":"IGB7F5UzOPWM2smlBCw7rtH2PEjQsDomNenjELiddkg="}},"HdCFKypSp0Tv6RWGQkXGpxNVdSYZjaBVwM+ASorKW00=":{"valueMac":{"type":"Buffer","data":"VEyNe7vK4AeB2qGV/Yr3bK3JOfZTLBiJy07EFjnQAqc="}},"JL2v2vpKJW8gGJDKA6mPznzN7iHb72eJWIdc06u2QTM=":{"valueMac":{"type":"Buffer","data":"M9pMcMgS+dqFHSfhKPD7e10DYzC4Q3Ynr3uL9Q7IpMo="}},"JdziabpXpsITEQv03YuPLm6HRTvx2z41ZNUkkjAIkBc=":{"valueMac":{"type":"Buffer","data":"XCL0Utuh0OhsXH28cXXdT9ho8ATz88tkGkWLHQShRI4="}},"LH4nrkd7IymQMXovMJpTqpzcm8d0wKAAAWymXtx/jlo=":{"valueMac":{"type":"Buffer","data":"SPfetGsFsFpQJgq5uqY/bYK3BGmX5gxLmp+tbsVvkxw="}},"MFVCjXIP9gd0vApViAe/UsEn0DGWCxgA2MzWEb4h5uM=":{"valueMac":{"type":"Buffer","data":"YqXkLCKXOb+0nlslcmbYGBXpjuu0SKUz4AnmnV6K9dM="}},"MJ7r8uBu5riZoit4rjPxiJXLDpka2m4eaze84pDBPCE=":{"valueMac":{"type":"Buffer","data":"Sr4sbdEm1XZvxk1GSD3JbrkWd5GNq8vOQwMZeEFzIv0="}},"MiQYdmF2QZje4YWzlidMiJ8Z1a2py1l4LHhkxAZjDDw=":{"valueMac":{"type":"Buffer","data":"a1CLqYeYzJ3fNBZah8SQUGb+QydfKpBlMQdQqGRHTy8="}},"N7WvwxffYxACpfRmwTyVUMy0hO0UH1Yo9PlPclJN+vg=":{"valueMac":{"type":"Buffer","data":"nd6Wwq3DhSJPsRYobQOSxXnMDCMllvxre9SiUEioYCI="}},"OZ6KahAlVIajQkA1lItLZQ2Z0m6i2+sDytjuFuEjrE4=":{"valueMac":{"type":"Buffer","data":"4lP3tohY03LOM176SKlLfmpbL6NiHxq5YONXHB/dy7Q="}},"OnEc5fdKOChmvaIaK/vrjI/4b9dTq6lNcmrcdwr8z6E=":{"valueMac":{"type":"Buffer","data":"R3PvEIFUKbwcv3qB1hipbxmk2yghw7jGR+Sa7DTNhWQ="}},"O61dR0m6oTxWZYbyjhn0J94Qml3d5Twhi2eFmtcutvI=":{"valueMac":{"type":"Buffer","data":"492tk0xmyNX3iTiYrd2CNOOFmPsuoH9WqbVSQdj2PRk="}},"PhCJb/YWKXgmtJd6vFKNEW87LJmvn+sD2pUzFup1GjY=":{"valueMac":{"type":"Buffer","data":"1IifkT9d7fOrO5l1mOflVwlppkwArXZMPvAT7G1DlN8="}},"PkMrEsHfUNvGxVM9pUBVD3Ht+UB0JvlcPIw9R0U6uNA=":{"valueMac":{"type":"Buffer","data":"MsZSCbwvVxOJ3Gp/L/a5N6hEajh1VNUuLYdeypqGzwg="}},"Pu0xJmsocjjUihexjm27G+ttqqJv01dwvgWt2QIcDDU=":{"valueMac":{"type":"Buffer","data":"YSsXb/tYk2Xk5rMeCA9ed60bzIhQj4LS/WdQuvjTSGI="}},"Qdya46+JoEb2cC5eSCFrMB5Q+8q197oddPpDyIUgZCc=":{"valueMac":{"type":"Buffer","data":"D0dzm8ndVvlX2a6VD8DKiLYWrB6L8AnRXa4uvaWOafs="}},"RD7CKEs9Vg28PXFzWJghoatHnK4rU4BG682Y9o8Oick=":{"valueMac":{"type":"Buffer","data":"lqZraK178O6kVlyIQjbveY8aq4XQxxf5rQRihGf31C0="}},"ScgWgFh20SDQj2suKys2Z6dVhl1JmPPsizWaUSZ3Q6g=":{"valueMac":{"type":"Buffer","data":"9hca8DriEzMNlEd4rJ/71EEOtXZvOENE3ZUXcwKvm2g="}},"SfzU87ah+nV6xPj3ta34WV0tn3Lgko0j4xKM9FrV8Ow=":{"valueMac":{"type":"Buffer","data":"zGlPj1WLiin+PGqkgv4jZPc71NKUGAfOZx9cqL/8pxw="}},"SqPhEzN9cZUlmiHHEFhR6xR73IST2NJM3mA8Ff89UwA=":{"valueMac":{"type":"Buffer","data":"vep4WV2USSyTZkhdTirNt1FS45knyXKlGlaepSm6fJc="}},"Sx6so5qG/HA69ctkYfTWQTSTqBBlJv5yoo1vJTTcx8w=":{"valueMac":{"type":"Buffer","data":"AlAN1UZBHKr0q4mYnT++9QorQi+a33DDwAHfUCxTmvs="}},"S5418EEuvMVOhSXtSgoJqX9C8BoaDvPuveo98sw9Mq8=":{"valueMac":{"type":"Buffer","data":"xIH9OruUQebPDdWP8cccbWthgPATSqK+Gl5RC6dfTps="}},"TH22qUoWjpYgzBrsXMXbFrqLs0VfEMgEsIF3WG6LdIU=":{"valueMac":{"type":"Buffer","data":"ktQtOEHryQbOgt6nFwPaysdPCDgIGc36ursEuBJfcvk="}},"TjRfjgp5oQIo3EHbJESczWJmPvY0UVC6gC9CCVoHQRo=":{"valueMac":{"type":"Buffer","data":"Uih8IwCQ1c1fLmPyOkmkmSQaw6JnajsJNcGikL10nIA="}},"Uhh9lM/bMArAXy2wO80pd54m6zwBBp5gV6hmKip1T8o=":{"valueMac":{"type":"Buffer","data":"z1Vs/7HdyqOZIvv6HykqKBnB38vz/M2O7Im495J6Poo="}},"UpubSfZfJZXyEs1IOgUzYAIZZsEaw3E6CeG2hgfzwfM=":{"valueMac":{"type":"Buffer","data":"21HzyL1UrY6mre07VrGL271i+L1olBTZKeUG6+wQ2+g="}},"Vew3zm45+oH9W5Uyi65TDY++0qnYy6IEttfzW6igi3U=":{"valueMac":{"type":"Buffer","data":"oi31L6ArU6iSA8F30ZEfcPYve3N6L06KM2I1mU9j37A="}},"Vfge1AmQurE6Vz6aif5jXlFw3s8MDiPmm7vPgalSwBU=":{"valueMac":{"type":"Buffer","data":"f3W4kSx5fMQdjc51ntSgi+xsQHXYR0Tk9mSS+LAvCSs="}},"W/GuBusPCoWk1laoBpyValtIoF//SKltpt6v9vUrKL0=":{"valueMac":{"type":"Buffer","data":"9AtvtUM/2jEyYmbKbOs4W5Q6YheZfrIZuU0EtnFqXas="}},"XIq+PherxyKsOyW9dzTN4vNRB3GtXxijOKrJue58CDs=":{"valueMac":{"type":"Buffer","data":"5zUz2qO9rB4G5kS9z05/zPA07YoJO8JKHAayym0z5TM="}},"XktZkE5mQF7LdI71asn4N9tn0A7o+ibf0CiapEwNpFs=":{"valueMac":{"type":"Buffer","data":"DuRMIwbiVZcPDJz6GXDsV0BNGpq4TQkwHJbE3J1Ot3Q="}},"YK4eCm0XiXJLntnpil7CfnhBoJPouZj3GDUk+Uv1+Tg=":{"valueMac":{"type":"Buffer","data":"5RvWU9O1cFtwmRwailZhEnobCpsTon4vrb1DIQ4hgFg="}},"YjJLdoDfdHPSXl8gA4kP/gKl2vYWNxbBt0wIgtTpuSQ=":{"valueMac":{"type":"Buffer","data":"nrmZGuVHc0G/lqrxbZXCk/+70vLAUgqchyvG0kqdaho="}},"ZWbYlNTtOUuTU8hZPgDiRNB6U0UK2UViV9HhiQkknYw=":{"valueMac":{"type":"Buffer","data":"Nkem6FkJHbaHcVkynCxW7kBXW9zYqoHt2U3IGqQykWg="}},"ZWyhPGmXAklnPIleCfvM9gyGOasqBmbpxV7jQn9C8Y8=":{"valueMac":{"type":"Buffer","data":"or17G3muZ9yPGAx5x33nUhZ0lyDYXbXEgbkm/N6eEFA="}},"ZoJ8pVm5ukNmISFr3iNGB8qjmKQV9slae+kKUFApKBQ=":{"valueMac":{"type":"Buffer","data":"TRaGu4CYtM5YgWHsWhVCAATemb/LHiev6Tzji2oAr2c="}},"Z4OuRzus190YWI0xFmeL6s0WBAB2cuROOn4uO6+Cg50=":{"valueMac":{"type":"Buffer","data":"r/u7w1JTBYL6cP9iAGmzjvy728Drf8Kkgzajouzfywo="}},"ajjnkE1Rklj/i2dTW6opq7AvTOrH1wLVUMTcJsUYMF4=":{"valueMac":{"type":"Buffer","data":"7dBGpZEDIKXPs9Jf8VuksvwmxlD4TOysRRnLhQQNdXk="}},"byaZRtpnhFzVVmOY0Ram39Gz66HAs5kOkMd/2EZbHIo=":{"valueMac":{"type":"Buffer","data":"a+UeDDkJJJ62XXb4Ss4ZcFLe+fMfZWCFMaqbnHz84cc="}},"b3nk+xkKLpMgKcadi8SFHGDu9oDe7WohPBT41wYoi4Y=":{"valueMac":{"type":"Buffer","data":"lhXDfNiaRDnmS88QGOVe7SjHESe+NW/6KBV4LEWfGYQ="}},"cuzeq+U+V3/BmbuyhkJI+2PUME22DNim/3O2efLgiTM=":{"valueMac":{"type":"Buffer","data":"WfH+RipiaFhcyKcASLP7BQwWhHN4t/cnrEJTWub9C3Y="}},"c/HEUT/j30DzQx3XfcapXwGCtAERYYBVHI0UNxFj7Y4=":{"valueMac":{"type":"Buffer","data":"POqyEm1LE7tuFShpjXjrD7Fz69JgrliOIFI/uCJ64AM="}},"dSn8hfo0ta5TsEZja/wCg8Xy324pvLzzghEbmYxa8OM=":{"valueMac":{"type":"Buffer","data":"GF9Pyn/tQJ+vihaXu8Rm3q7vJHK+sV9sqa4zBNb+srM="}},"dbwMwoHpaBTPtYWAXlkNIjqeNZp/JpJRWX+/HdFXAPg=":{"valueMac":{"type":"Buffer","data":"lAFSf1q+iFkMBzKLPGw9uCtPczFXXH9MPiz56Ru0bRQ="}},"ervzklOE4NkUvz2m9YlV5EetJiqaWjqp3506CcNtd/w=":{"valueMac":{"type":"Buffer","data":"cgrZ+mLYEIUIj2oNAJOZ0Jh6Eekv0bOQ3Syl8ygz9ZI="}},"ew5OVMrOVNc/sYjdltdoA9ro4wPph4p52BckYCC83TU=":{"valueMac":{"type":"Buffer","data":"TBW3qZGOLGtLb05sak1o3K5GKwxg7b0tcA21/67qCkE="}},"e1nSncg7wCFbxuDS+7Svj4tAaoJ78Csre5WecMpHuEw=":{"valueMac":{"type":"Buffer","data":"PIIyxOWZjc4ldwurfhqeDl56QCCxyUq2kHR+yPLXZ2c="}},"e4jCWraSQ4h1RWvhHhHIw4+4X/bjFEmZsr/iDzvvfRc=":{"valueMac":{"type":"Buffer","data":"N+bFbEVgT+Vsmp6CBNbFBqeR1uVQEzmgkgBHLoKrRvI="}},"hoWTwGLJJV6ssL95UccuCKLESr5i7rBtU2sxsLxdZho=":{"valueMac":{"type":"Buffer","data":"iVgRTc6okS/jDWQm/hij/aIrN0Xrz1M+bjKHRQFMT3w="}},"htMHfHpc5RpWFE74wV/3Ku3UhVHghd48P6NLNuF0q8w=":{"valueMac":{"type":"Buffer","data":"6UCF6nAWnLVZm/eoW8MJI74IuVJkjwIgjFLHacXDRr0="}},"iMmCuzXoQTjs289RCUxp7K+YDDiJw4SZ4414ROBIVYM=":{"valueMac":{"type":"Buffer","data":"htQd6IJcnCqr7DjSLnPNRXj1xx41citimlbD7u/Lstg="}},"jIvJOcBCVoN77fJxx9BQipod+Bf56RxwYPbWwpwcOmM=":{"valueMac":{"type":"Buffer","data":"wPQhnW1SLRwWUpjJDl8x27z1ifPqf7bRfg0yncYPJ9U="}},"jfmODBOjPMa4M89tXY+F7+MtbxaP9YgZnjKhzRXuF/k=":{"valueMac":{"type":"Buffer","data":"U3dY62yieV0dno+v45s0QWxzRhxDIa3yDTz0TVfUckw="}},"kMeGUG0qp90W6DP3A7P9nxiU+uuqeFKQQkdxRdYRyYI=":{"valueMac":{"type":"Buffer","data":"DjmVWpAgL8VkZgJ9BlEWYED/XBfng13YaFQDHhARvnY="}},"k28jV0NjaNUgtSILi38PNubyX4lZIiEXdOoajsRSDSU=":{"valueMac":{"type":"Buffer","data":"97UK789p2hBC/aJb/YAU+sM9JkEXb3BHkQOnaSX9+Dw="}},"lWvKfPwI5BILrczFudCrlFSAHBvHDL26dQncE7IWr7M=":{"valueMac":{"type":"Buffer","data":"YNEfjLowZdEwMX6qGAh9C6IDyxFdeOsWmvcc0+BMlhI="}},"molVe6J9luhhwggvB9QnlZ6mNaoSleR9FOI6KT2h1m4=":{"valueMac":{"type":"Buffer","data":"bSOf+gU1J7dvEOXCOaDg8PhEML1NovGimbkTq6yycv8="}},"nuTjddR8UU66XZekS9fpjsnkrlLK3Lnk8LA5V5K/coE=":{"valueMac":{"type":"Buffer","data":"2gy6+OXiAtKqU2OCzwvQfNDzYltBCBXteARS/F7xH1g="}},"orMSsmFFKMlRWTrM7N9XEzQHdcyhFgXePv0zjDQ3+6k=":{"valueMac":{"type":"Buffer","data":"RffBnQBhhxxuaz5QQuCGxGYjpcWr3ykSrbZph3tzJ4k="}},"pJdg6AVGOZd8eozmPr+K2CLrxHTzQymRHk9uFFW8RUY=":{"valueMac":{"type":"Buffer","data":"gVharlW9GU+h5QKP0/nnzU4+s/jYt8o20lH0YBS5A4E="}},"pLgsyRUbq+nEv1UTAdv5JqY6idsjxaosl9NfkX3lubw=":{"valueMac":{"type":"Buffer","data":"5HgPDYzq6yILz74NJnJsp3M0rzc6wVkJT0EuPVQ1suk="}},"payM1e5wud5N0Rr2MtdxPB6AeEeNaCLNgfWfMu/5gVo=":{"valueMac":{"type":"Buffer","data":"ClhiWXEayVUdOSarGvlicrE78Yz/KHNQxErOm5z28t8="}},"ps0zWEidNCzRdtuX8kH40XYoTwT1OA55cZTneYMPbpM=":{"valueMac":{"type":"Buffer","data":"kRv7EcYosRqY/aYUtANvI16CUfpy4t1bykuWIqvueL0="}},"pvuCFyTf32Ew+8+fKGHzKd4eeMRTdL+xtYhu+sgA9WU=":{"valueMac":{"type":"Buffer","data":"oa8fOamPSp6T5D/jyxRzxyKPlYSVma8F88bxjX5WDwA="}},"pxRkFFM6PsI5z232SmExtVEzgbI8Nz37Jckeiu1fgCQ=":{"valueMac":{"type":"Buffer","data":"vmcYhSOTwCVEWcOfhStTOE2jJQHDYjIr+1lcCuAC36s="}},"px+lu76noKNlquwOSonqgXmIK4+mq4ew8rvUh93wSvY=":{"valueMac":{"type":"Buffer","data":"W2ttiXS/n2gHQ4D03Rv0OcXiGgJHO5SI9D0A95lXSqM="}},"p7a0FKyUeGXLYVEgpGRx7hxQOTUr1sBtATLxnKLXHoM=":{"valueMac":{"type":"Buffer","data":"mK0a33r+LTws4CUHdBVukA9Rv/3NhAnZewQWIgfNV6U="}},"qHpoKWC0SfSLx0+8khczKElnQ8HyZTqyUHBP/JLqvFM=":{"valueMac":{"type":"Buffer","data":"cw2dxTjpN2iZ/lLgp2CnwtgznbvJ664RIHC94iQYRww="}},"qk2ZaHyygmVpJaU6NHMcFVJDioEoSgWXcE1Y7SjrncA=":{"valueMac":{"type":"Buffer","data":"ZVFdaCDC8BFIhzCCvOrYzu6LOsAOtCbIEdr5D6PmY+w="}},"qk91FNwDiGeD6Y+bdVbd5MQvf4wkNFYcx2/PKL3a61s=":{"valueMac":{"type":"Buffer","data":"RlGT+N1lhFgGgTwoaAGf51Ip/DEe2HDHmzqe2u/6D8o="}},"qlRDOHqlcF6SlO55wTuoafu0Q4ZxjUmlIXewglr8vco=":{"valueMac":{"type":"Buffer","data":"xa9ln95bMe82c5fTaU64/aSufU3xH23SGThEEHx45Z0="}},"quD54YdoHIMt87Eex0EPXuOvUI/kKNUJO4HiI6NmBLc=":{"valueMac":{"type":"Buffer","data":"wQBcXpjQqt1RU+1p8SiViPxEeDd1VjkboFJ+uc5OtTs="}},"rBHW58rA84wlEnUZX36MHkNDlp129TsbNStUPn0E9BE=":{"valueMac":{"type":"Buffer","data":"86n++NiQLsa7UC3/MrBjxktqbGYWg8QQNLrYJrT2kFM="}},"rrNDqcaa5TTMTact5lVvcXOIYEVyssZQfZtAqxP001Y=":{"valueMac":{"type":"Buffer","data":"N4YUhqoYhO5xAbhrQpLTCO6176xsFo6RX28tjCkIW70="}},"su6i5p8ocI4jlivTLEjrEUIsBZn/a5MQMSdSmwvOMC0=":{"valueMac":{"type":"Buffer","data":"jGkK0u/0557qu36aVcpUN5SFQRDxOShLRP/+UAw+fzU="}},"s1fTKYE1uA6v05uFBpuGR7Ld5rpyk8OV+7IJ0oxkDvY=":{"valueMac":{"type":"Buffer","data":"oM3/cQHFZbQXII1s3M6rCke5ZSjXmZlaBb2FRIIkydo="}},"s+/4HQQI2U+iimvy44x7JYKwqMYaEfaeCYKFF7bAH+c=":{"valueMac":{"type":"Buffer","data":"lDT5bk6aduumbKazFgRjs7yvrozNeMxICZMxelB5tyE="}},"tpIeYiFlvDIDucO4GEpos7lOHtY56ZJM2MgsLrONGUA=":{"valueMac":{"type":"Buffer","data":"rY3BjyhFlCW4STtbYsMLtRhKWx9xT83SmshKucuSW08="}},"uMw/CPZJ3OEAfkV8RZtMYsTPuBqULY77J2pchYEAeEc=":{"valueMac":{"type":"Buffer","data":"CjO+o+iF0jgvmsA9EAngn7gqNx/XwvDvrr4mhQAsBAQ="}},"wLps6tB1FoQyHrQnk1GHBf65MnFZagX4zeAQIU3kWK8=":{"valueMac":{"type":"Buffer","data":"onbPM79wYc29l/kNLnZahgt5+9zMNv8cQ5YngT2bvds="}},"wMZa1Kz8Av1PvAEhoMWiR3p5+wixobl41MlrEx20zNo=":{"valueMac":{"type":"Buffer","data":"Yw/OrNjBdW03lA4xtKZwbxHtKqZW7YCXaN6f8TlUBCw="}},"wqq2fYvr6rD0SrTYBuFgSOYbUYgVO/06i9XI+iQX+8o=":{"valueMac":{"type":"Buffer","data":"dV+xyihSO8jljkVBOig4HiAMG/KHwLsDqkQI7l7zTBs="}},"xF1LwPl5FrXYan2csSnBKPaeNy6z2l1p97z7bVQro4w=":{"valueMac":{"type":"Buffer","data":"HhTxpHcmW1HXIj5bOd4I2cJa7lasmrzRJQgLXqRS1nQ="}},"xnnhLzvuJ0RZvQOIn3czHl5Nof4uttXanP6+mmclnAQ=":{"valueMac":{"type":"Buffer","data":"NQFTw2BYTK0IaLB7tUAOkxvHvB6Bkfj/PIEdczLWGHE="}},"y+leQEWCEA9ElLkvK/r8RYZ0YCXH04gFWzN+JflIs/U=":{"valueMac":{"type":"Buffer","data":"DRT3dde3iz8UAHqhip526870/XgAIutd8+Kk3dItj8M="}},"0bS2Cwb7iCzFgSAzwEBf9ucVGRMZ/JMwg0ftPFuQzmg=":{"valueMac":{"type":"Buffer","data":"n8tEktBSkatS0FxiQEzrjXe2NnozQ1CZNN33cFSJ8GY="}},"1O1EzNBKvChD4SvUZ745NqSafx//mvsX6yeVNHTDuvI=":{"valueMac":{"type":"Buffer","data":"vpfj5JlAK4K+fI543zfEjtLlHMZczXAVNXp2id9aJxc="}},"1QlOVlAgj7m0AvVQJza1DnsbQ+kmSeIYLPhc+RC3bdI=":{"valueMac":{"type":"Buffer","data":"iqzelvCeUsXl8i+cyjv0SO2rmuzY1Ov846jFLA+Z/jk="}},"1uHTmwjtUuqgm8FZo/S1GiBLLVh+lMWsOkZg++82xoU=":{"valueMac":{"type":"Buffer","data":"iZDVbTotGaK1K5dDB5s4Dg2Nn4189hz++E1SC1ZhJCQ="}},"1uaqVrBG2kqWCD/joP4t1K/qhF4Hu9k090eq9ieUDiY=":{"valueMac":{"type":"Buffer","data":"h9nX0PDr6t5npVN3uuLiNlwyTMnGaUxys6hxZWb7/Pc="}},"10QabBWp6Y49bbtWUf2HY5AKxgaFDwad380+xlNEKUU=":{"valueMac":{"type":"Buffer","data":"WmlaM8Kjy54HWJwbcDQx5Dwqs8uP8kpHQ/m91PI/+ms="}},"10+0d30Uj3S8CwVPSPYAuwQAd4k/gVsfmVWk2A4RNY8=":{"valueMac":{"type":"Buffer","data":"ah996leOnKgP/KllPOpMtET9yxLOGnH12HRDvhK9N3E="}},"2MCVv7qM/G66VU+S1nNh+TE5LyZMod5fXbmK82d1m7I=":{"valueMac":{"type":"Buffer","data":"mQaDVju/6wIV5rT7p2Y1OvY0JDNMCOdMNDC9jtnigGc="}},"2f/erui1Y9NGEJgI6Q517WPeSKA5wpqJGrIWQd2ONxE=":{"valueMac":{"type":"Buffer","data":"TZa5/QNqtK+HBESl9GOEHpLZsPkxLcw3x3CMo9/Kp/0="}},"3s0p9qNCyYCX3rmn2fs0XHjPOkHJIcav//LatXh5rU4=":{"valueMac":{"type":"Buffer","data":"15h6t8U75F8zYzyHgnRmIr83Yo3yuKeZq2IIKfiA2oI="}},"3zn32qqvmXRpiAbWK6ChL/lWaB5aigDIa6ujupjnmRY=":{"valueMac":{"type":"Buffer","data":"XHQ4xt/5OWlJaUTmGyVCpys11ScDHhRM8wZilXTdkHU="}},"4aapdsglUor/i4tk+b37HHFuy9eMmceiqNDIjA31Iqg=":{"valueMac":{"type":"Buffer","data":"I0Q3leiJ8cyjyMnQ6NUPNAKujy7YQQgErkAElNR1+UU="}},"5CTorx6CQu2DAUroNO5qrnNYanTIEk5gYRf+1MQwIsE=":{"valueMac":{"type":"Buffer","data":"O6eiQw8fssg0iPlBLmy7qAs2cpNM+LsfuznGYfCwgyA="}},"5HJ3UO33Bthc8obJ2KPkkPtwddJaBChR3fHxlHuR6wQ=":{"valueMac":{"type":"Buffer","data":"Fz/MI/GeuT25PG548h94+79cv++ePU2ag+kWexrw4Ac="}},"569Jh7MJXxjSrTCwDVqIXDw83bRp+KpArsOvExo6Qs4=":{"valueMac":{"type":"Buffer","data":"ENl98KSHAfxm5E5eMltxyrIGAGvKoEIUsHfg44yhc8o="}},"6N+NJwYPYFB7ivX4Ho0Mn5A6Sj+8EXHltHgwRlI7Qgk=":{"valueMac":{"type":"Buffer","data":"o80Atuc5YrYUt/uI5LqWWpdT5VhqjkcL08CW5O22heE="}},"6bCb+xUhXZvUthjGvtUwkw3QJEaS2GmSN6mgqtE/hE0=":{"valueMac":{"type":"Buffer","data":"V8DmnX5uX8PRFSodgAGs2ufddPjTKalNCo4hUSpmCrE="}},"68uOQ4a1uFjA07F5Vz2fbkwXEWQeNvWBC7kyUBfkxls=":{"valueMac":{"type":"Buffer","data":"+A1jh25q0Lcid2iTbCEF2GhWRlrEJyFI/YdW7ijtZbE="}},"7R9io0CDX5VkepKqO3ld2dI9VcsH9u0jKnQ2XYWZQ5g=":{"valueMac":{"type":"Buffer","data":"QhxNbiZeHt1l18gnCSkxUTZlKfMmPvI6vm5wK4RQ1DQ="}},"8Yo+PTXR/oaYyVQ5gSe+KptQfaqI4O/XL0zYS19gDw8=":{"valueMac":{"type":"Buffer","data":"OTwR7P1WqdRCOmk/VhVehMcIM0qJN7a1+Os2wdIn3fI="}},"+iQTmymbXc9mRXOZVZaX60NgrJEPbBRCPoFPECM8MjY=":{"valueMac":{"type":"Buffer","data":"CsfQIl4TH9XWgpbfG9WsLqqy5QnN3D/BMXSsgvOWzpA="}},"+q17MCRLPukhiDFwlR7YzGD9opexsjuvKNckCafoO6s=":{"valueMac":{"type":"Buffer","data":"5vzGreAthnh93ooWsVG+nRmNr19oCOsQLbE9PrtGtco="}},"+ug8yP4lSIS+v79WmVVYT6tjtTQPvsw6CXKtkVHTWAM=":{"valueMac":{"type":"Buffer","data":"+NU5KKtI3eifxBfPVtkpbjNJAVx2EK0lFgV2AgQ7NVA="}},"jfkYno6No5bbVIgpt0kJDmmyyz/3QZS4Jv2jmxtYYvQ=":{"valueMac":{"type":"Buffer","data":"piYCtq53ijeyN/FIxm3lddBAla0UomQ6XA9Z4WtEda4="}},"f9hrh0LFd9EIT+BmS12ERp+oFftMy1q46w/sznd8GYA=":{"valueMac":{"type":"Buffer","data":"rLw/UthWs/iSM80BMoulmdvPNEiGUJCyvV7+GGoFiXQ="}}}}