{"version":10,"hash":{"type":"Buffer","data":"fJ+/ku87gCaCoa+1YhwVh4MXk4f9YvksurQ6HoUAmfpZQXAnGteH3+skW9FJnqxvOccqBiA7DdsgQ8YFh8pXT/UXI5+ZUmer5y7HNp/0RlD3NpPOkWkf5VixAQZX1lhB9hv/vgz4eH1M82vZVdjUfDZSjhFHYanAEJZDll/q2uo="},"indexValueMap":{"DZhKway22mnLlBuVwTLKm8p4Q+ZnMLzapZMENyQYyjc=":{"valueMac":{"type":"Buffer","data":"/bBrilhB/YFc8h9ww7rCdfKgL8A/M16EJTzNJZrcvxw="}},"F/mIMkoo0WvVLfGs0d6uL38sS1O86emLDN8oBoB1gBo=":{"valueMac":{"type":"Buffer","data":"hfwDLLI2D7K70FpiACtLweXkIF46liKa0ePu+h1Ck38="}},"JOOcPdp83dlfsoQAlUT/yH8OQf8CIxnAAEx+GkR6XkE=":{"valueMac":{"type":"Buffer","data":"Z7gRboN0/o8464M93OPK1XzD9TZ6reni3rj2XhkvKmA="}},"Uc3AOnzLZgttOHVbwBP+Rv2kuhZwxBTNMmP2Bl7HzwM=":{"valueMac":{"type":"Buffer","data":"Sq6sjP+/Y8UFRv1y0F3nvKR3XOVcSemM4H47+9RHPko="}},"V3yhG/vsOk8+/5QCXmz30lISlemYeOvfAzWNfAtquPE=":{"valueMac":{"type":"Buffer","data":"N1PKEe1qBV8B6U0jdwwrm78a2Tms9ZuR7uRMXnB0rKE="}},"bsvd3GuQcJ4+RYlFwq0LpwMZa5YJJz4JdIm6NAAuqwk=":{"valueMac":{"type":"Buffer","data":"2r8iIya5ykVM3JtswqANOSapIdqLneKR5dBgvQCM5b4="}},"ka8Q67+UtyjiXFqXLBGYalcPPiqQlOeU9s1NJf/V7pg=":{"valueMac":{"type":"Buffer","data":"J7RnzOXQ4EAFmExxMcaSQLyHhvif1yvu9ocKmNV12bk="}},"g6jK4cBmGm/ymyPcdH0bKiIj0Hftmux+8A13PWfyLIU=":{"valueMac":{"type":"Buffer","data":"xNmz0zXkvXBIwA/AmUsKEQSfXdL8nFWlNlaB+xtoj5s="}},"S1QPCuuIHB/N421emZB6DsH7AkfK5bGiTJ/8DvK0/5Q=":{"valueMac":{"type":"Buffer","data":"68gCqmm7S+cZDSStTUvK5yHPSDA2b7mf2Wgg2Zcbc6M="}},"wZREAo3oyn0Ywa6FMdUkBZPYZQiyBhjuQgBcGFPn+dE=":{"valueMac":{"type":"Buffer","data":"Ewjn/+pa3O9i2tsuIrZMvwZyvkAqi2cA1HFEfycRXUs="}},"KxHp1zTWtSfburu1k6toh0+fewN+U4GkfqJuKCeVKGs=":{"valueMac":{"type":"Buffer","data":"nmO4J8rlSIAqABHt2ZcV0SqdyalF5wKDgtOmPeTbfDY="}},"XqACwEv5Qsz21SyLM9/P8WZAzSTFr/Me3PsHEco/K+8=":{"valueMac":{"type":"Buffer","data":"stRpLhMnUWwrVbvYjYNc04Z9BBUTB6gEVSL6f1YNeLQ="}},"K4OUmxD7Y810JMmXhY72hIWJXxoJI09l//5veKwu8Lw=":{"valueMac":{"type":"Buffer","data":"E+mCfpFlS7wVcuPTi7G1Z9XN9tinzHcvNdNMuxeJ+E8="}},"Kc0rbDkNgv2bbRTzjr1hK0IcBL+4Bh7B3h7QXRrKZ/s=":{"valueMac":{"type":"Buffer","data":"6JRlZamAVh69zXUxJXQ970MVT7vSRAsRs6SAv2NnELM="}}}}