{"version":19,"hash":{"type":"Buffer","data":"IMLfW8gbfGB26aa8p8InfsbX62PElymhQ7qAPZ663urLHV0Rqi3sX4/dfUJAY6Tbo0l/r7+Niq9AOTMeBp931BmkxWSKX3VWTsdqA0I8AD7mIetRS1gFyH2G5rDXtVCNx7MMJf7A/7tFxMLS0TP6gZ3qxhtc7yTsBvGBGlXNDLU="},"indexValueMap":{"A1u5lCIEJHee8d0UvCA2K2FTdgwj36CxqNbiygXpiOc=":{"valueMac":{"type":"Buffer","data":"1zANKyjQ1TwA4k+yWUEwLKNT90GsHycWp8+v1VJli5M="}},"Bj83l3Vn8b6gNpRZLe3toKaBu5QNvV0kJykO5hmD6OM=":{"valueMac":{"type":"Buffer","data":"FUhMiU7X39M8/4thu3NPWnOKSK3vG+P8EKHPBvvHmSY="}},"DuFgItmYMmthebYd3O3lfHQYNO8luo7xeSGn4xhWmjg=":{"valueMac":{"type":"Buffer","data":"kGGSTL1auRldR+jDetqBzhqGGoGBWHRunSWqmPFfUkM="}},"F+dSljiRG0zev2x4FNVBa0uQEGyO8l/Oxx5wS0K30Bg=":{"valueMac":{"type":"Buffer","data":"tKvhJlBlLqYh8HgPEZUgY2TyRBgNPiD4y2o0Etm5QQg="}},"IuP0mFGmg+nbZnvsklSGo/NhxXk0vcg6KMbiNNQrpTU=":{"valueMac":{"type":"Buffer","data":"Aj/e+dt15QkXz+skZQ6nIod2xeFX5NnHJw5Nq03zO8U="}},"Iy5VMhAIVQUbOCK5fja2PKZ1JDv5caytI3RyncFE4hM=":{"valueMac":{"type":"Buffer","data":"nChQfQEaPUpuEvy1Xr9IDHwsDyXeXLvmu4w/tRz0b18="}},"ME87l8qmO1AE8/5xn4qz2d8iqc7VohJf+YzlQN4xW84=":{"valueMac":{"type":"Buffer","data":"BuyUQiFeRbIJeCuMZi1+IO1aKTJE46NFOBa9D6RMvHo="}},"MpqSfO9Z/2zTotgJKqAIaVdpNuxzNNZgx16Qf2R0efY=":{"valueMac":{"type":"Buffer","data":"HDPx8rZLVNkiCjH0t3F2fLkoB3Fcfo5ZZAM8JMh0l78="}},"O5fJfkbqO9gqdM9452flkXYxz6sENiR0O30R9MS5mAY=":{"valueMac":{"type":"Buffer","data":"yG4U/p1H+++rGjHkpgtZ41WIeAz8iTIJPlGk8xrs+50="}},"P44hPZT8Fw91A+5zqlPDY1u3evbiPmd2KhVby97u0W8=":{"valueMac":{"type":"Buffer","data":"1do7EeW9cfWPqSfWIawtMbTokbfB6rPGo5snlOiOb70="}},"UjI/JeVQo/1fowcUbbagGjJZgIKnSJ1B5AYLvGtGT14=":{"valueMac":{"type":"Buffer","data":"JTqg11gx/Fo5I8kXJdrkg/MD8o4JV+XUz57bauqYv9w="}},"VqGY2sujUiUHhWAXxyfsQ+5mbxvhyPk2uNus3YTO24A=":{"valueMac":{"type":"Buffer","data":"VoPLYGu13BvETaawYY7QFP0qK2KEEy57c3yezxq54cE="}},"YmrOMwrAEUZGy/cZBHXi2kYxW6CdWvnXgB1uHMcVhYA=":{"valueMac":{"type":"Buffer","data":"b1qLrWyqjTwrZZGEW3FnY0EYPcLE7ux3wDlILLEaC0c="}},"aJXGOnm8/aPYP5E/5Ok+vqMRHuebhRzZHFq8RVTPwG4=":{"valueMac":{"type":"Buffer","data":"izmRWZqw7f2IEBhsbp4i8QWl8nQuFOMYF8D+ccpLlkc="}},"bkWZqbTWma5t58aea/sJM7apIkdByH+A2K8hDTCxtjQ=":{"valueMac":{"type":"Buffer","data":"NNGzzz41am9Y6pBwi+axFXOmgRprNulZj/8T8tQcE7I="}},"cNcesUWOAi/vvNdxuOEZ/RLsFAHT8U373+AQMhsKMNw=":{"valueMac":{"type":"Buffer","data":"yJT58ScvPvTCAEJLG9HppnKlfx7va3eKpHj4hJrAZrs="}},"clcu5VxFkVgpyPnl8W1vSC5Ngp/UBX9ah1DeI0yWsu8=":{"valueMac":{"type":"Buffer","data":"DaQOJXXcmVLMDFpZbIHCHdJZwaZAZp+J8aH5r8HR4qs="}},"fIyLEKSmdK8gC9VzaQusoaHd+gXwf+X0DerECm2bQlg=":{"valueMac":{"type":"Buffer","data":"PxoUOuWvSW3jVxtca+/VGpTPanwvMk8bXmkGereriCA="}},"i6NYhUPJuz/thUCTh+71AIAvS5Wl6jknUUQ7wNuPSSg=":{"valueMac":{"type":"Buffer","data":"s6mcjbJ5SZHl/5xt1fgBJ6zBknWjTorOGTWC/sunD/M="}},"n1ojnPuGXNMfm4I+MHuQo39QCCXT/yt8ZmCzFMqVdbQ=":{"valueMac":{"type":"Buffer","data":"5GlS9uhwABSqj6t0WJrA/YSdcvkPrxxDeWwULU/+Kpk="}},"o1nabQqMGFMAwzx5qLFSBsHz4FaOYD8Lae3ayYGR6e8=":{"valueMac":{"type":"Buffer","data":"F2miiCUlcOuFjQIvcNZzL4KuLb624WrhHV2EAh2klk4="}},"pg7BtWJP9LD84trek9yLpjWfNaKJIRXKoYIrBYkpGSg=":{"valueMac":{"type":"Buffer","data":"SybdEWsZABPBozZlk83g2hiH8zwgoQEpE52J+6AHXPo="}},"q2wolWJdrZtcWv99JGDMwwLMkDcx1pvIMh1923yLzYY=":{"valueMac":{"type":"Buffer","data":"5ZquGOAtNtxbO3/sf2650WgdJQQ5XMoN1Mr7NrV48Dc="}},"s3LXqEo/LK6Cr1Jn1WmNuPaMfilK2/3P6W/ZLoqxtbM=":{"valueMac":{"type":"Buffer","data":"hoOevwA5nZpkeHqI0d+VtFgev7qDUeBubpLC7wxe5gQ="}},"tCrMFAlqhE6RQ1k80jVoPm5mpwdJZGwbwd4e/tEitI4=":{"valueMac":{"type":"Buffer","data":"duF4GpGjvT1J2+VL0/JIeO8ccalVQg703jGHkeW6i5s="}},"v7fm8Qvp1fT/r3D0GW3Oibj/rAinBSFoLmPQhKjCimw=":{"valueMac":{"type":"Buffer","data":"0pn7oW9/OcsxFjVgfewlxwdSvnN/AkTOqE05quHrsyc="}},"xLdm4OPGPpm8T51gyhC+eDTayPUMMpakOwuhzaOeo48=":{"valueMac":{"type":"Buffer","data":"+o8mjf9K+Qt3XmP4N2gzJEYJ4JOc7U9u94an3g428H0="}},"x5qX9oPWrgddB7NjG/w9EstSFVp6PPCOrClpddwMHK8=":{"valueMac":{"type":"Buffer","data":"DwPFGXxpiJUDlvoAv3gp1vOcGFAQzA+VV93thpzGtSk="}},"yAuPiqrHaI21pYY4aMp4oXquMyPLgwN8tdK3QLsCFTs=":{"valueMac":{"type":"Buffer","data":"vvCx2Tel1k+8z7AMLNQsU5JM629XQY6BRlxpskhTfEc="}},"27xXNEYUglTTnNih8G3eu2PM6IxMKXff84q2sEJ2sco=":{"valueMac":{"type":"Buffer","data":"CWO21kmf8PxXBF7a2Gbbt/f0MGKCve339Ryg4B2eGls="}},"3FcjuWutg8UYC/4dUfcNAHYy+y7FUD941UeqxiaMo2s=":{"valueMac":{"type":"Buffer","data":"ayxI3UEDbH8JMilZp5G9CKgKZpEfdcAcZncJZ146j9Y="}},"3rGwXqtq8gbGl0sG4pdSM5Dp1+iZ2zl9fMEyVbx0Ios=":{"valueMac":{"type":"Buffer","data":"MxN51CP7Afhtr80AzTIRIvgYdt0d/ox7bVlgEqxma5c="}},"7c80S39CUd2H/807A4Oskg+WON0cB44+Ew5lYSk9jy4=":{"valueMac":{"type":"Buffer","data":"7//T+sJScwKth4i//51qBkELiEOkwpzbmVbptQYqyWs="}},"8OPztJzA6bbN3EPjwgwLKJVf/YOukz/8p8uW7igdFoE=":{"valueMac":{"type":"Buffer","data":"3U0DXWI6rPB3OxuNIj18jj/zlUN9+gTDB8Ml2YCG9qI="}},"9I7QPhBSx+43LiMi86qOXydvqgFwJUFr08N3cECgvW4=":{"valueMac":{"type":"Buffer","data":"KxjmRMPuLW4UTtvg4SSQHAVElnFAHqW8G24CFGGMiBU="}},"9VMThs8p2o06ct2pbJ2dYhC6nXYWUamSN1CW0e6hHUs=":{"valueMac":{"type":"Buffer","data":"5j4h9OTfm7HqrEUGe0SMh4CCbqQJu/BPsLUoh/384zE="}},"kjDlwbyOBn2NyJWL52ZULp5Cqk9Amrj1P0L6dkTLGhA=":{"valueMac":{"type":"Buffer","data":"2zu2k2sWnaMacqJ68D93hQ+Nxl0/7gMFoywgxhuh40o="}},"RNNC5OThzl4tA6INl2nsr+z1lBsWAHaYZnhWcOHukoA=":{"valueMac":{"type":"Buffer","data":"addWrMYTg39QOFuJuKqgIL/uiyyTbWVxZ2irhB3Tvvs="}}}}