{"noiseKey":{"private":{"type":"Buffer","data":"YBhYl2VKLICmDOgptbAgj8plLpLLEe9KXj1+9r6GmGo="},"public":{"type":"Buffer","data":"JizVO+IZ1eJJU40CIi1o9c7e4jUnlpZwh7CR8Fr6Alc="}},"pairingEphemeralKeyPair":{"private":{"type":"Buffer","data":"8Ff2MseJrQiCzWW99c5/5fI9R5cONlfUVbDPlelBt1Y="},"public":{"type":"Buffer","data":"J3T39QKw4AxVg1oHJLrUzuCoCzwfCIi+9InUIT4UH38="}},"signedIdentityKey":{"private":{"type":"Buffer","data":"EDcA1YSIKUHr2NGeaYLXWAZc3OCgi1fDE/MPRbdDkUs="},"public":{"type":"Buffer","data":"fFTmgjpSjnNron7YX2bBjxi8pLuVC675v4fJMLsIaBs="}},"signedPreKey":{"keyPair":{"private":{"type":"Buffer","data":"wNkm6BWDiAcVtIZEOBZZ8eYlFrh3OndGhE5Q2IJjL3A="},"public":{"type":"Buffer","data":"yNmWUcoWjwfCBIK/MnoIUyq3Km27cNxW+DrazVQgOm0="}},"signature":{"type":"Buffer","data":"oIHVC2PPfBbOTBwp7jKX8Sg3ZsIma2QOgNGuXwFfgSfHvskf0HqX/f2gmLdXf6s5f4YJS/gqlpyKWvGq7/xVhQ=="},"keyId":1},"registrationId":64,"advSecretKey":"0XCeIVEnkyHSGzsp8tN8WQaF3ZvllYW0aeB4f9OLd5c=","processedHistoryMessages":[{"key":{"remoteJid":"994401109647@s.whatsapp.net","fromMe":true,"id":"2A825495DBF4EC1E94FFB0A5437D8403"},"messageTimestamp":1705983408},{"key":{"remoteJid":"994401109647@s.whatsapp.net","fromMe":true,"id":"8967E771E3DF0F0F5E2F226CD337A1AC"},"messageTimestamp":1705983409},{"key":{"remoteJid":"994401109647@s.whatsapp.net","fromMe":true,"id":"E2BAA4857AB4DB366CA00AD37A801FDF"},"messageTimestamp":1705983448}],"nextPreKeyId":31,"firstUnuploadedPreKeyId":31,"accountSyncCounter":1,"accountSettings":{"unarchiveChats":false},"deviceId":"8BCfngTaQu62L2qk4B8GOw","phoneId":"93af3693-f546-437e-83bf-a8b2c4e3b731","identityId":{"type":"Buffer","data":"0aRQ6ezuZ2gx3ZlDeWDxhj/O8gk="},"registered":true,"backupToken":{"type":"Buffer","data":"QKawrB5Q7FjYrBnV5placaKa4G4="},"registration":{},"pairingCode":"12SSSD8N","me":{"id":"994401109647:3@s.whatsapp.net","name":"𝙼𝚌𝚕𝚘𝚟𝚒𝚗"},"account":{"details":"CJrH6psEEKL7vK0GGAE=","accountSignatureKey":"bLvR5VtGPlpa83uu4wkH/pk6F5RKONjNzSf4f06XVUQ=","accountSignature":"XDgWn1sN7v6tRj81IDJ54JVGsocNhWH4Rc9vDHSEqBwNj16SE3lj4ebFyMGc7TNA9xNwCRqVFr8JavRW6+XIDg==","deviceSignature":"c9Hgnsiqe1LoR06RB9Jvqd2wFkVyljkGHXKrToEB42LxpJKSywc5T6YOlTUkilKSvQ4+w34NZpGwxdn7O6DPjQ=="},"signalIdentities":[{"identifier":{"name":"994401109647:3@s.whatsapp.net","deviceId":0},"identifierKey":{"type":"Buffer","data":"BWy70eVbRj5aWvN7ruMJB/6ZOheUSjjYzc0n+H9Ol1VE"}}],"platform":"smba","lastAccountSyncTimestamp":1705983400,"myAppStateKeyId":"AAAAAGfo"}