{"_sessions":{"BTNvFOUKXWxOLVnXmvUkmkrWzzwfKDGLw68Kcs7jGpwZ":{"registrationId":1712259729,"currentRatchet":{"ephemeralKeyPair":{"pubKey":"BX4IIziIezgr/895+ZoKZ+4tFjcGnyUaSiqcZduc/WJe","privKey":"yJSbUAg3FOnEeLDRcJHku2+spm95lOph1iUsoAbrlEU="},"lastRemoteEphemeralKey":"Bcj89nuMqRtzuHSZgqiElbSlKxMhKzN3w7Gk2omKpUUQ","previousCounter":0,"rootKey":"8ay5VbXTs/yerwVDz6UK/F6u+7eLgZKOt81S/jFbc/0="},"indexInfo":{"baseKey":"BTNvFOUKXWxOLVnXmvUkmkrWzzwfKDGLw68Kcs7jGpwZ","baseKeyType":2,"closed":-1,"used":1705983478542,"created":1705983478542,"remoteIdentityKey":"BaJju8J2EfmSSsomHtrISiCDmGE10PgMP++84qIOiStA"},"_chains":{"Bcj89nuMqRtzuHSZgqiElbSlKxMhKzN3w7Gk2omKpUUQ":{"chainKey":{"counter":0,"key":"VGby/OCUYWqJEWmJP9DHnxVaXBGo4rGUkN6FfHGqVe0="},"chainType":2,"messageKeys":{}},"BX4IIziIezgr/895+ZoKZ+4tFjcGnyUaSiqcZduc/WJe":{"chainKey":{"counter":-1,"key":"Q0LdfcOU9EoKJIctxhiA9ciUmRCxS0sNSjaBaZ4/vbs="},"chainType":1,"messageKeys":{}}}}},"version":"v1"}