{"_sessions":{"BSHW9oGgnI2NH5teeAcKOWi7oCyRxo9RgXlkIlCOfpkf":{"registrationId":1179069903,"currentRatchet":{"ephemeralKeyPair":{"pubKey":"BS5O0kFkBJr3DZzqt8P4r9vD0tUJ005bLzoamKpraaAm","privKey":"2OYFGKx0JUqhpY3mCd/vSySxyY8/6z9C5kz5XnMueX8="},"lastRemoteEphemeralKey":"BfaLABzxTBk7Sg1BqFLyxcqKFwD/4zYoboGl5vkK9MEK","previousCounter":0,"rootKey":"P7hev1gupiZN+ODj/G6lvHqgpFrErnrM0wwgd6Y+HL4="},"indexInfo":{"baseKey":"BSHW9oGgnI2NH5teeAcKOWi7oCyRxo9RgXlkIlCOfpkf","baseKeyType":2,"closed":-1,"used":1705983454356,"created":1705983454356,"remoteIdentityKey":"BcxUld3YxtlqYkpELI/S9+bkBxlmSPB7ZwKto9gmpJsW"},"_chains":{"BfaLABzxTBk7Sg1BqFLyxcqKFwD/4zYoboGl5vkK9MEK":{"chainKey":{"counter":0,"key":"qSdYrLjh+Ecp7px4A5ejsT71mG3KOExNAvKJAYxwGAI="},"chainType":2,"messageKeys":{}},"BS5O0kFkBJr3DZzqt8P4r9vD0tUJ005bLzoamKpraaAm":{"chainKey":{"counter":-1,"key":"exXqQzI9NjduMZvd+6F6/GfMucr3HeJLJ7aaqcaMIzo="},"chainType":1,"messageKeys":{}}}}},"version":"v1"}