{"_sessions":{"BdwlDJrJfB0bqNG6oiHk0lboI7ZEVNDKHeHEJGWV4cVV":{"registrationId":692642941,"currentRatchet":{"ephemeralKeyPair":{"pubKey":"BTaGjCW47e5H4nimNvO9n49TSwSvFGTb7cCrfQI11ihs","privKey":"kLANGHzeqW6duoMuPUf1KNrtgM9yFBSfyO3lr14uSVw="},"lastRemoteEphemeralKey":"BYKg2HBmh4CyRXwThRoM4g+SHOO2T4MTnBZi03nOLUl9","previousCounter":0,"rootKey":"aN+/beU2g7gnKnNwmnYhCWlZTWFhl+5TFOip3QiX5/c="},"indexInfo":{"baseKey":"BdwlDJrJfB0bqNG6oiHk0lboI7ZEVNDKHeHEJGWV4cVV","baseKeyType":2,"closed":-1,"used":1705983454936,"created":1705983454936,"remoteIdentityKey":"BSCC3AFPQDG8GAUw9ArSzZihadDKRBr0edsXlBS4U8km"},"_chains":{"BYKg2HBmh4CyRXwThRoM4g+SHOO2T4MTnBZi03nOLUl9":{"chainKey":{"counter":0,"key":"3vTvzacI1sFV4aOuOgCcmV2v/N1eaFyMR2jyTXI75bU="},"chainType":2,"messageKeys":{}},"BTaGjCW47e5H4nimNvO9n49TSwSvFGTb7cCrfQI11ihs":{"chainKey":{"counter":-1,"key":"6luyE82MvCfqQ8h6q6OUDNQbFYHhzZCUTFUtO3LB79E="},"chainType":1,"messageKeys":{}}}}},"version":"v1"}