{"_sessions":{"BSuowLPrjrHvMJt3biCmj6e91ykI0Pgscc/GrnXaJqVL":{"registrationId":1564891692,"currentRatchet":{"ephemeralKeyPair":{"pubKey":"BaMFLynGwP36itSkzyOJWbPVKlGRhUR+pxSV1uqrMRIX","privKey":"QMRKLKYnEYcAOFm96NOHLISYwZ55PZvztSWVNnFDSGg="},"lastRemoteEphemeralKey":"BT3oRN3XB3gY1TbFiqtvUvIFCeI1TtthQu6TXjKOf+Ux","previousCounter":0,"rootKey":"5DeG07ekD/TzXdATvfmRTN70pI7GNRHYDyvtO5NfIX0="},"indexInfo":{"baseKey":"BSuowLPrjrHvMJt3biCmj6e91ykI0Pgscc/GrnXaJqVL","baseKeyType":2,"closed":-1,"used":1705983493358,"created":1705983493358,"remoteIdentityKey":"BdnZ7Qku3Bi6dbAL3PIY9S/9mtWD5Y/fF0YJzOos92NH"},"_chains":{"BT3oRN3XB3gY1TbFiqtvUvIFCeI1TtthQu6TXjKOf+Ux":{"chainKey":{"counter":0,"key":"Wmu8yPgwiMfJQMbmV7VxBa/KO3nt5OrxT0Nyvx6vH90="},"chainType":2,"messageKeys":{}},"BaMFLynGwP36itSkzyOJWbPVKlGRhUR+pxSV1uqrMRIX":{"chainKey":{"counter":-1,"key":"L+k3813zYH/z9tjVi3pELVmvv/iJO5IJAhk8iG1ulyk="},"chainType":1,"messageKeys":{}}}}},"version":"v1"}