{"_sessions":{"BWxLBUW0bChe/CMh1SjwJg6tdeBioiFpAHc4t9h01G14":{"registrationId":111453308,"currentRatchet":{"ephemeralKeyPair":{"pubKey":"BZ3GKcB1PPi17UoL1le/rPxV2WbxzYkHZk8A4mdlgfZ9","privKey":"ACu88zInyW++uW7mwCQUv2msGhyCoghMAm3n8uYQgG8="},"lastRemoteEphemeralKey":"BYDcFSBYadCRVNQ6g/ItQQEitKDZyBBeWgESamvtazAT","previousCounter":0,"rootKey":"zgtgHkjzPceZK6CLexlDz2MEvZKSPINa5CTzJRNllDE="},"indexInfo":{"baseKey":"BWxLBUW0bChe/CMh1SjwJg6tdeBioiFpAHc4t9h01G14","baseKeyType":2,"closed":-1,"used":1705983421528,"created":1705983421528,"remoteIdentityKey":"BRWgc9UVs4HMcVCWtZr47s/aG8t7Tu5b6TqNgJSoCG5+"},"_chains":{"BYDcFSBYadCRVNQ6g/ItQQEitKDZyBBeWgESamvtazAT":{"chainKey":{"counter":0,"key":"K9kkS0YHWBy6NVK3dLHNUvWMLKstq1+BTureCnwOHl0="},"chainType":2,"messageKeys":{}},"BZ3GKcB1PPi17UoL1le/rPxV2WbxzYkHZk8A4mdlgfZ9":{"chainKey":{"counter":-1,"key":"zQHJkKizywIDl0n/fxEWPm97RIyYBiQg6WaxUkyWdog="},"chainType":1,"messageKeys":{}}}}},"version":"v1"}