{"_sessions":{"BWQgDUq3rMGN5+qdr0zBWl8vCM8jlzXDiRS2v6PRAJQR":{"registrationId":1187665287,"currentRatchet":{"ephemeralKeyPair":{"pubKey":"BRttbll1vhqr/b4NbaiRT/TP9mwUudmFFdgs1lz0cdlJ","privKey":"UM56bWm8etxlKkcuG8Ky8uIXvY1NM6LbHcW5LvC7k24="},"lastRemoteEphemeralKey":"BXG73FKehFdqWuABMSa3wiNWvnbxncSGn7LcTws2My4Z","previousCounter":0,"rootKey":"v4OXD27hViCyx3PDQg9WrkhdEYpdpBXJjDTd+rMr+pA="},"indexInfo":{"baseKey":"BWQgDUq3rMGN5+qdr0zBWl8vCM8jlzXDiRS2v6PRAJQR","baseKeyType":2,"closed":-1,"used":1705983424459,"created":1705983424459,"remoteIdentityKey":"BaqQsz5bWV7G/sluu9H6QfsBEbWilNRHSqqjq9Gejt8b"},"_chains":{"BXG73FKehFdqWuABMSa3wiNWvnbxncSGn7LcTws2My4Z":{"chainKey":{"counter":0,"key":"En7rAE8O9RaX7izMdRi/KuhIwnbXSrtL/KnHwf5bbSw="},"chainType":2,"messageKeys":{}},"BRttbll1vhqr/b4NbaiRT/TP9mwUudmFFdgs1lz0cdlJ":{"chainKey":{"counter":-1,"key":"HKQ09TiKinq/q7QoIcNq3EVl36FgfungJtfg0MGOWmQ="},"chainType":1,"messageKeys":{}}}}},"version":"v1"}