{"_sessions":{"BXctTbvOwrutO2425XsLe16rdsr7YDc7J34ECQnr6GgG":{"registrationId":1074528666,"currentRatchet":{"ephemeralKeyPair":{"pubKey":"BUjDsrRzn7d9TNzDPNqwi9r5ntthQeADjH0VXEfUYo41","privKey":"ALsGLzRY03bEZ6+vsc/fH6uruJ2IBCRdox1+wD+8N2k="},"lastRemoteEphemeralKey":"BSzxl3pCFHTc4dVH4TBMCV1k9MJn6/2O9PxaRbirBpFW","previousCounter":0,"rootKey":"evXgaTtgagZCVk9QN2AC6LZkf5l22/9A6U7iHFA8cHE="},"indexInfo":{"baseKey":"BXctTbvOwrutO2425XsLe16rdsr7YDc7J34ECQnr6GgG","baseKeyType":2,"closed":-1,"used":1705983413177,"created":1705983413177,"remoteIdentityKey":"BWy70eVbRj5aWvN7ruMJB/6ZOheUSjjYzc0n+H9Ol1VE"},"_chains":{"BSzxl3pCFHTc4dVH4TBMCV1k9MJn6/2O9PxaRbirBpFW":{"chainKey":{"counter":7,"key":"2V3eyd18zQrxQylsYcWT9lcby4kYThA2P2VGd+Iij7k="},"chainType":2,"messageKeys":{}},"BUjDsrRzn7d9TNzDPNqwi9r5ntthQeADjH0VXEfUYo41":{"chainKey":{"counter":-1,"key":"x9Vku3fDrjk6pclXNBmFCJCW/ag4EAukUSGouYQBST8="},"chainType":1,"messageKeys":{}}}}},"version":"v1"}